ActivityName,ProjectName,GrantName,Reserve,TreeName,NumberofTrees
0,17,CardboardGrant23,Kalispell,Indian Rose Wood ,12700
1,61,CardboardGrant23,Blackfeet,Avocado ,8580
2,9,BasketGrant283,Karuk,Spruce ,4428
3,79,PaperGrant5,Arouca,Peepal ,10137
4,20,GlassGrant209,Acoma Pueblo,Avocado ,19328
5,51,PlantGrant56,Kasigluk,Cedar,9811
6,58,PuzzleGrant2,Caura,Eucalypts,13876
7,93,CoffeeGrant99,Kaw,Neem ,3637
8,41,HomeGrant74,Birch Creek,Hemlock,7770
9,24,TractorGrant192,Beaver Village,Palm ,2046
10,46,GlassGrant209,Birch Creek,Smartweed,2100
12,28,PlantGrant56,Anvik Village,Eucalypts,2381
13,21,HomeGrant74,Caura,Maple ,2454
15,28,HomeGrant74,Anvik Village,Shade ,1852
16,40,ChairGrant29,Kasigluk,Aloysia,6022
17,36,PlantGrant56,Tamana,Aspen,6902
19,57,PlantGrant56,Tamana,Oak,7012
20,23,PuzzleGrant2,Acoma Pueblo,Avocado ,19788
21,15,MarkerGrant150,Arouca,Maple,1090
22,97,MarkerGrant150,Arima,Acacia,3350
23,59,GlassGrant209,Anvik Village,Stipa,48600
24,15,BlueGrant12,Arouca,Alder,4883
25,84,BlueGrant12,Dahlonega,Mahogany,2725
26,84,BananaGrant4,Dahlonega,Eucalypts,20829
27,30,GlassGrant209,Arouca,Maple,3052
28,62,BasketGrant283,Caroni,Mulberry ,864
29,78,AngelGrant24,Tamana,Oak,7650
30,30,BasketGrant283,Arouca,Peepal ,2289
31,8,BlanketGrant22,Nankipooh,Red Pine,6204
32,68,GlassGrant209,Beaver Village,Jack Fruit ,1395
33,81,PuzzleGrant2,Tamana,Maple,6460
34,65,TractorGrant192,Bois Forte Band,Aloysia,25256
35,12,HomeGrant74,Birch Creek,Hemlock,1050
37,42,HomeGrant74,Carapichaima,California Palm,4329
38,71,PlantGrant56,Kasigluk,Aloysia,7227
39,87,CardboardGrant23,Upatoi,American Sycamore,4876
40,10,PlantGrant56,Weracoba,Oak,7875
41,92,PuzzleGrant2,Caura,Palm ,1475
42,82,CardboardGrant23,Burns Paiute,Indian Rose Wood ,5299
43,67,GlassGrant209,Tamana,Aspen,7616
45,29,CoffeeGrant99,Kasigluk,Cedar,10745
47,38,PaperGrant5,Caura,Maple ,9251
48,33,PlantGrant56,Birch Creek,Smartweed,1125
49,30,PlantGrant56,Arouca,Maple,10464
50,50,CoffeeGrant99,Bois Forte Band,Aloysia,14784
51,26,BlanketGrant22,Karuk,Spruce ,3564
52,99,GlassGrant209,Weracoba,Oak,7612
53,37,PaperGrant5,Tunapuna,Cypress ,4347
54,41,GlassGrant209,Birch Creek,Smartweed,3075
55,37,MarkerGrant150,Tunapuna,Saguaro,4048
57,39,CoffeeGrant99,Burns Paiute,Indian Rose Wood ,3456
58,81,BlueGrant12,Tamana,Oak,6587
59,4,BlueGrant12,Karuk,Spruce ,3132
60,16,CoffeeGrant99,Arima,Apple ,1675
61,37,BananaGrant4,Tunapuna,Saguaro,1584
62,12,AngelGrant24,Birch Creek,Smartweed,2850
63,68,BasketGrant283,Beaver Village,Palm ,1023
64,47,GlassGrant209,Kalispell,Cedar ,19600
65,44,BlanketGrant22,Upatoi,Mountain maple,2910
66,9,BasketGrant283,Karuk,Spruce ,1404
67,8,BlueGrant12,Nankipooh,Jack Fruit ,1170
68,76,BananaGrant4,Paria,Hemlock,9114
69,8,TractorGrant192,Nankipooh,Smartweed,2025
70,67,ChairGrant29,Tamana,Oak,6800
71,98,PuzzleGrant2,Mucurapo,Weeping Willow,1755
72,73,MarkerGrant150,Schatulga,Live Oak,6644
73,82,PuzzleGrant2,Burns Paiute,Indian Rose Wood ,5760
74,17,PlantGrant56,Kalispell,Cedar ,11760
75,61,PaperGrant5,Blackfeet,Avocado ,12698
76,40,PlantGrant56,Kasigluk,Aloysia,8030
77,39,PaperGrant5,Burns Paiute,Indian Rose Wood ,2764
78,50,TractorGrant192,Bois Forte Band,Cedar,14694
79,25,CoffeeGrant99,Acoma Pueblo,Avocado ,14266
80,36,CardboardGrant23,Tamana,Maple,3910
81,51,ChairGrant29,Kasigluk,Cedar,7942
82,45,ChairGrant29,Tamana,Oak,4037
83,84,CardboardGrant23,Dahlonega,Jack Fruit ,1689
84,75,TractorGrant192,Kasigluk,Aloysia,8833
85,97,BlanketGrant22,Arima,Acacia,7705
86,53,MarkerGrant150,Anvik Village,Shade ,5556
87,79,GlassGrant209,Arouca,Water Tupelo,13178
88,50,PaperGrant5,Bois Forte Band,Cedar,4659
90,33,BlanketGrant22,Birch Creek,Smartweed,375
91,48,ChairGrant29,Beaver Village,Palm ,1348
92,45,BlueGrant12,Tamana,Aspen,4998
93,67,BlueGrant12,Tamana,Maple,7820
94,69,PlantGrant56,Burns Paiute,Indian Rose Wood ,8755
95,17,AngelGrant24,Kalispell,Ash,2499
96,68,AngelGrant24,Beaver Village,Palm ,511
97,79,HomeGrant74,Arouca,Alder,1526
98,74,MarkerGrant150,Karuk,Spruce ,3888
100,20,BlueGrant12,Acoma Pueblo,Avocado ,12885
101,9,BlanketGrant22,Karuk,Spruce ,3348
102,37,MarkerGrant150,Tunapuna,Cypress ,2173
103,25,HomeGrant74,Acoma Pueblo,Mangrove,11328
104,34,BasketGrant283,Caura,Palm ,147
106,89,CardboardGrant23,Brotherton,Hemlock,16632
107,97,BananaGrant4,Arima,Neem ,4723
108,98,CoffeeGrant99,Mucurapo,Weeping Willow,1885
109,23,BananaGrant4,Acoma Pueblo,Mangrove,23128
110,17,TractorGrant192,Kalispell,Ash,2499
111,86,PlantGrant56,Nankipooh,Jack Fruit ,1230
112,64,TractorGrant192,Schatulga,Live Oak,6644
113,85,PaperGrant5,Caroni,Mulberry ,500
114,42,CardboardGrant23,Carapichaima,California Palm,2340
115,17,CoffeeGrant99,Kalispell,Ash,1166
116,9,PlantGrant56,Karuk,Spruce ,2484
117,12,BlanketGrant22,Birch Creek,Hemlock,3990
118,22,PlantGrant56,Acoma Pueblo,Avocado ,14266
120,46,PlantGrant56,Birch Creek,Smartweed,1125
121,78,HomeGrant74,Tamana,Maple,2040
122,35,BananaGrant4,Weracoba,Aspen,12642
124,60,CardboardGrant23,Kaw,Fig ,4747
125,42,CardboardGrant23,Carapichaima,California Palm,2457
126,12,PuzzleGrant2,Birch Creek,Smartweed,1125
127,82,GlassGrant209,Burns Paiute,Indian Rose Wood ,8294
129,47,BlanketGrant22,Kalispell,Indian Rose Wood ,3175
130,37,AngelGrant24,Tunapuna,Saguaro,2200
131,34,ChairGrant29,Caura,Palm ,1062
132,44,BananaGrant4,Upatoi,American Sycamore,12190
133,37,BananaGrant4,Tunapuna,Cypress ,7189
134,20,GlassGrant209,Acoma Pueblo,Mangrove,19352
135,66,CoffeeGrant99,Cataula,Magnolia,1864
136,40,GlassGrant209,Kasigluk,Cedar,1868
137,68,MarkerGrant150,Beaver Village,Jack Fruit ,1069
138,71,BlanketGrant22,Kasigluk,Cedar,7241
139,59,BlueGrant12,Anvik Village,Shade ,4233
140,90,BlueGrant12,Couva,arrowhead,123120
141,48,BananaGrant4,Beaver Village,Palm ,1069
142,24,PuzzleGrant2,Beaver Village,Jack Fruit ,325
143,69,BlueGrant12,Burns Paiute,Indian Rose Wood ,7372
144,11,CoffeeGrant99,Acoma Pueblo,Mangrove,19352
145,11,BasketGrant283,Acoma Pueblo,Mangrove,16048
146,98,BananaGrant4,Mucurapo,Weeping Willow,2795
147,90,BlanketGrant22,Couva,Coyote Brush,4374
148,45,TractorGrant192,Tamana,Oak,3187
149,65,MarkerGrant150,Bois Forte Band,Cedar,10035
150,81,PuzzleGrant2,Tamana,Maple,2890
151,49,HomeGrant74,Chaguanas,Blue Spruce,10672
152,25,BlanketGrant22,Acoma Pueblo,Mangrove,17464
153,55,GlassGrant209,Schatulga,Banyan ,9492
154,91,MarkerGrant150,Brotherton,Maple ,1728
155,68,GlassGrant209,Beaver Village,Palm ,1860
156,94,PuzzleGrant2,Arouca,Maple,8066
157,20,CoffeeGrant99,Acoma Pueblo,Mangrove,2832
158,29,PuzzleGrant2,Kasigluk,Aloysia,4015
159,21,PlantGrant56,Caura,Palm ,649
160,30,BasketGrant283,Arouca,Buckeye,4098
161,73,PaperGrant5,Schatulga,Banyan ,9492
162,9,CoffeeGrant99,Karuk,Spruce ,540
163,39,BlueGrant12,Burns Paiute,Indian Rose Wood ,7142
164,69,PlantGrant56,Burns Paiute,Indian Rose Wood ,8755
165,91,MarkerGrant150,Brotherton,Eucalypts,23284
166,37,ChairGrant29,Tunapuna,Saguaro,2288
167,75,CoffeeGrant99,Kasigluk,Cedar,8176
168,84,PlantGrant56,Dahlonega,Saguaro,3706
169,46,BlanketGrant22,Birch Creek,Smartweed,3450
170,75,BlanketGrant22,Kasigluk,Aloysia,2810
171,60,ChairGrant29,Kaw,Apple ,3225
172,31,AngelGrant24,Kalispell,Ash,1666
174,68,BlueGrant12,Beaver Village,Palm ,1999
175,89,BasketGrant283,Brotherton,Maple ,11750
176,60,TractorGrant192,Kaw,Apple ,1075
177,79,CoffeeGrant99,Arouca,Peepal ,9156
178,53,BlueGrant12,Anvik Village,Jack Fruit ,729
179,72,BlanketGrant22,Dahlonega,Saguaro,872
180,67,TractorGrant192,Tamana,Aspen,9282
181,41,BlanketGrant22,Birch Creek,Hemlock,1260
183,60,AngelGrant24,Kaw,Reindeer Moss,32680
185,13,MarkerGrant150,Cataula,Magnolia,5593
186,39,ChairGrant29,Burns Paiute,Indian Rose Wood ,2764
187,48,TractorGrant192,Beaver Village,Jack Fruit ,2232
189,64,HomeGrant74,Schatulga,Live Oak,22780
190,60,BananaGrant4,Kaw,Neem ,16168
191,49,BlanketGrant22,Chaguanas,Smartweed,2463
192,85,BlueGrant12,Caroni,Mulberry ,2184
193,36,CardboardGrant23,Tamana,Maple,6460
194,79,AngelGrant24,Arouca,Buckeye,2964
195,61,HomeGrant74,Blackfeet,Avocado ,5148
196,63,ChairGrant29,Mayaro,Spruce ,2970
197,58,PlantGrant56,Caura,Palm ,708
198,86,PlantGrant56,Nankipooh,Red Pine,2112
199,75,BlanketGrant22,Kasigluk,Cedar,1401
200,80,TractorGrant192,Kalispell,Cedar ,14896
201,69,MarkerGrant150,Burns Paiute,Indian Rose Wood ,11059
204,57,PuzzleGrant2,Tamana,Oak,8925
205,97,PuzzleGrant2,Arima,Neem ,11336
206,64,TractorGrant192,Schatulga,Banyan ,22599
207,83,ChairGrant29,Cataula,Magnolia,14170
208,41,MarkerGrant150,Birch Creek,Smartweed,3150
210,10,BlueGrant12,Weracoba,Oak,9975
211,87,PlantGrant56,Upatoi,American Sycamore,7585
212,44,GlassGrant209,Upatoi,American Sycamore,2438
213,14,BlanketGrant22,Brotherton,Maple ,7948
214,42,TractorGrant192,Carapichaima,California Palm,1521
215,84,BananaGrant4,Dahlonega,Eucalypts,7477
216,58,BananaGrant4,Caura,Eucalypts,7227
217,71,PlantGrant56,Kasigluk,Aloysia,3613
218,40,AngelGrant24,Kasigluk,Aloysia,12848
219,98,BlueGrant12,Mucurapo,Weeping Willow,780
220,97,CoffeeGrant99,Arima,Spruce ,2894
221,37,ChairGrant29,Tunapuna,Cypress ,2340
222,46,PlantGrant56,Birch Creek,Smartweed,3375
223,41,HomeGrant74,Birch Creek,Hemlock,1890
224,48,MarkerGrant150,Beaver Village,Palm ,1953
226,10,BlueGrant12,Weracoba,Catalpa,13996
227,57,CardboardGrant23,Tamana,Oak,9987
229,93,AngelGrant24,Kaw,Neem ,19805
230,66,PlantGrant56,Cataula,Magnolia,11186
231,79,TractorGrant192,Arouca,Peepal ,4251
232,44,BlanketGrant22,Upatoi,American Sycamore,5959
233,48,BlanketGrant22,Beaver Village,Palm ,2278
234,17,BlanketGrant22,Kalispell,Indian Rose Wood ,5292
235,44,BananaGrant4,Upatoi,Golden Leather Fern,30870
236,54,PlantGrant56,Carapichaima,California Palm,1988
237,14,AngelGrant24,Brotherton,Maple ,15206
238,99,PuzzleGrant2,Weracoba,Catalpa,9933
239,10,BlanketGrant22,Weracoba,Catalpa,5869
240,10,BlueGrant12,Weracoba,Catalpa,7224
241,30,GlassGrant209,Arouca,Peepal ,14388
242,47,PaperGrant5,Kalispell,Ash,4498
243,61,PlantGrant56,Blackfeet,Avocado ,2402
244,66,MarkerGrant150,Cataula,Magnolia,8576
245,4,BasketGrant283,Karuk,Spruce ,3456
246,93,BasketGrant283,Kaw,Reindeer Moss,14620
247,36,PaperGrant5,Tamana,Aspen,1428
248,55,ChairGrant29,Schatulga,Live Oak,10915
250,13,PuzzleGrant2,Cataula,Magnolia,15288
251,17,ChairGrant29,Kalispell,Cedar ,16856
252,25,BasketGrant283,Acoma Pueblo,Mangrove,7552
253,14,BasketGrant283,Brotherton,Fir,5940
254,50,TractorGrant192,Bois Forte Band,Aloysia,28336
255,23,HomeGrant74,Acoma Pueblo,Avocado ,7823
256,58,GlassGrant209,Caura,Maple ,6041
257,33,HomeGrant74,Birch Creek,Smartweed,1875
258,98,BlueGrant12,Mucurapo,Weeping Willow,780
259,30,CardboardGrant23,Arouca,Peepal ,4905
260,74,MarkerGrant150,Karuk,Spruce ,4644
261,23,TractorGrant192,Acoma Pueblo,Mangrove,13216
262,74,BlanketGrant22,Karuk,Spruce ,4536
263,36,MarkerGrant150,Tamana,Maple,6630
264,57,HomeGrant74,Tamana,Aspen,9758
265,77,TractorGrant192,Mayaro,Magnolia,4573
266,40,BlanketGrant22,Kasigluk,Aloysia,6424
267,97,BlanketGrant22,Arima,Apple ,3685
268,41,CoffeeGrant99,Birch Creek,Smartweed,375
269,10,BananaGrant4,Weracoba,Jack Fruit ,735
270,11,BlanketGrant22,Acoma Pueblo,Mangrove,12744
271,14,HomeGrant74,Brotherton,Eucalypts,10054
272,90,PaperGrant5,Couva,Black Maple,19504
273,47,PlantGrant56,Kalispell,Cedar ,9016
274,9,AngelGrant24,Karuk,Spruce ,3132
275,91,PaperGrant5,Brotherton,Fir,4989
276,62,MarkerGrant150,Caroni,Mulberry ,1183
277,41,PlantGrant56,Birch Creek,Hemlock,5040
278,58,ChairGrant29,Caura,Eucalypts,9540
280,91,MarkerGrant150,Brotherton,Maple ,12441
281,11,BasketGrant283,Acoma Pueblo,Mangrove,6608
282,36,BlanketGrant22,Tamana,Oak,5312
283,95,BasketGrant283,Mucurapo,Weeping Willow,2015
284,72,PuzzleGrant2,Dahlonega,Saguaro,3815
285,37,BlanketGrant22,Tunapuna,Cypress ,8360
286,40,AngelGrant24,Kasigluk,Aloysia,6424
288,4,ChairGrant29,Karuk,Spruce ,3888
289,12,PaperGrant5,Birch Creek,Smartweed,1050
290,60,HomeGrant74,Kaw,Apple ,4515
291,42,BasketGrant283,Carapichaima,California Palm,3510
292,22,TractorGrant192,Acoma Pueblo,Mangrove,3304
293,42,GlassGrant209,Carapichaima,California Palm,2340
294,57,BananaGrant4,Tamana,Maple,1360
295,40,MarkerGrant150,Kasigluk,Cedar,1635
296,85,CardboardGrant23,Caroni,Mulberry ,500
298,45,PlantGrant56,Tamana,Maple,8160
299,41,ChairGrant29,Birch Creek,Hemlock,5880
300,16,BlanketGrant22,Arima,Acacia,8040
301,84,AngelGrant24,Dahlonega,Eucalypts,4272
302,36,PaperGrant5,Tamana,Oak,5737
303,63,CardboardGrant23,Mayaro,Spruce ,3088
304,24,TractorGrant192,Beaver Village,Palm ,1860
305,45,PuzzleGrant2,Tamana,Maple,3740
306,9,PlantGrant56,Karuk,Spruce ,4752
307,59,BlueGrant12,Anvik Village,Stipa,52920
308,11,GlassGrant209,Acoma Pueblo,Mangrove,23600
309,25,CoffeeGrant99,Acoma Pueblo,Avocado ,16107
310,94,MarkerGrant150,Arouca,Peepal ,8502
311,37,ChairGrant29,Tunapuna,Saguaro,2992
312,15,GlassGrant209,Arouca,Buckeye,2354
313,62,ChairGrant29,Caroni,Mulberry ,455
314,45,BlueGrant12,Tamana,Maple,3230
315,36,BasketGrant283,Tamana,Aspen,3808
316,38,ChairGrant29,Caura,Maple ,4720
317,28,BananaGrant4,Anvik Village,Stipa,34560
318,26,PaperGrant5,Karuk,Spruce ,972
319,26,BananaGrant4,Karuk,Spruce ,1836
320,79,PaperGrant5,Arouca,Buckeye,3836
321,83,CardboardGrant23,Cataula,Magnolia,8949
322,99,PuzzleGrant2,Weracoba,Aspen,14406
323,74,CardboardGrant23,Karuk,Spruce ,4968
324,50,ChairGrant29,Bois Forte Band,Aloysia,25256
326,97,PlantGrant56,Arima,Neem ,5353
327,52,CoffeeGrant99,Burns Paiute,Indian Rose Wood ,6451
328,67,PuzzleGrant2,Tamana,Oak,3400
329,91,AngelGrant24,Brotherton,Noble Fir,9331
331,75,PaperGrant5,Kasigluk,Aloysia,14454
332,81,PlantGrant56,Tamana,Maple,3910
333,82,AngelGrant24,Burns Paiute,Indian Rose Wood ,6912
335,61,AngelGrant24,Blackfeet,Avocado ,16130
336,27,PaperGrant5,Mayaro,Magnolia,9474
337,41,BlueGrant12,Birch Creek,Smartweed,2775
338,35,HomeGrant74,Weracoba,Aspen,3528
340,92,BasketGrant283,Caura,Eucalypts,1734
341,16,TractorGrant192,Arima,Neem ,8502
342,57,GlassGrant209,Tamana,Oak,10200
343,91,HomeGrant74,Brotherton,Maple ,12787
344,13,BasketGrant283,Cataula,Magnolia,18272
345,68,BlueGrant12,Beaver Village,Jack Fruit ,1627
346,98,GlassGrant209,Mucurapo,Weeping Willow,3055
347,78,GlassGrant209,Tamana,Aspen,5236
348,55,PaperGrant5,Schatulga,Live Oak,20882
349,35,PlantGrant56,Weracoba,Catalpa,5418
350,92,HomeGrant74,Caura,Palm ,324
351,34,PuzzleGrant2,Caura,Palm ,1416
352,66,MarkerGrant150,Cataula,Magnolia,7830
353,73,BlueGrant12,Schatulga,Live Oak,9966
354,79,PaperGrant5,Arouca,Buckeye,697
356,44,HomeGrant74,Upatoi,Larch,2469
358,44,CardboardGrant23,Upatoi,Larch,4057
359,4,BasketGrant283,Karuk,Spruce ,3996
360,87,HomeGrant74,Upatoi,Golden Leather Fern,25200
361,60,TractorGrant192,Kaw,Fig ,14637
362,48,MarkerGrant150,Beaver Village,Palm ,511
363,22,PuzzleGrant2,Acoma Pueblo,Avocado ,10584
364,61,BasketGrant283,Blackfeet,Avocado ,16816
365,70,CardboardGrant23,Dahlonega,Saguaro,1853
366,54,GlassGrant209,Carapichaima,California Palm,1170
367,72,BananaGrant4,Dahlonega,Mahogany,2561
368,51,CardboardGrant23,Kasigluk,Cedar,6774
369,84,BlanketGrant22,Dahlonega,Saguaro,2289
370,47,AngelGrant24,Kalispell,Indian Rose Wood ,14112
371,70,TractorGrant192,Dahlonega,Saguaro,3379
372,88,AngelGrant24,Kaw,Apple ,6450
373,31,BananaGrant4,Kalispell,Indian Rose Wood ,13053
374,66,PlantGrant56,Cataula,Magnolia,18645
375,63,PlantGrant56,Mayaro,Fir,1960
376,41,CoffeeGrant99,Birch Creek,Hemlock,5040
377,40,BasketGrant283,Kasigluk,Cedar,7008
378,44,TractorGrant192,Upatoi,American Sycamore,5959
379,67,PaperGrant5,Tamana,Aspen,3570
380,35,BasketGrant283,Weracoba,Oak,13125
381,48,BlueGrant12,Beaver Village,Palm ,1348
382,62,TractorGrant192,Caroni,Mulberry ,1183
383,98,PuzzleGrant2,Mucurapo,Weeping Willow,1690
384,13,BananaGrant4,Cataula,Magnolia,18645
385,24,ChairGrant29,Beaver Village,Palm ,2139
386,9,PaperGrant5,Karuk,Spruce ,5076
388,8,BasketGrant283,Nankipooh,Jack Fruit ,660
389,17,CardboardGrant23,Kalispell,Ash,2499
390,78,ChairGrant29,Tamana,Oak,7225
391,72,CardboardGrant23,Dahlonega,Jack Fruit ,2071
392,70,TractorGrant192,Dahlonega,Saguaro,3706
393,29,BasketGrant283,Kasigluk,Aloysia,8030
394,62,BananaGrant4,Caroni,Mulberry ,1501
395,9,ChairGrant29,Karuk,Spruce ,1728
396,84,PaperGrant5,Dahlonega,Mahogany,2016
397,73,CoffeeGrant99,Schatulga,Live Oak,15187
399,22,ChairGrant29,Acoma Pueblo,Avocado ,18868
401,44,AngelGrant24,Upatoi,American Sycamore,2438
402,80,CoffeeGrant99,Kalispell,Cedar ,15288
403,45,PlantGrant56,Tamana,Aspen,4998
405,93,AngelGrant24,Kaw,Reindeer Moss,34400
406,11,PlantGrant56,Acoma Pueblo,Avocado ,9204
407,74,BlueGrant12,Karuk,Spruce ,4428
408,87,PuzzleGrant2,Upatoi,Larch,7585
409,93,ChairGrant29,Kaw,Reindeer Moss,36120
410,80,PaperGrant5,Kalispell,Ash,5331
412,77,BasketGrant283,Mayaro,Magnolia,6207
415,16,BlanketGrant22,Arima,Acacia,7705
416,10,CardboardGrant23,Weracoba,Catalpa,6321
417,17,MarkerGrant150,Kalispell,Indian Rose Wood ,3175
418,33,CardboardGrant23,Birch Creek,Smartweed,2250
420,67,GlassGrant209,Tamana,Oak,3825
421,13,CardboardGrant23,Cataula,Magnolia,5966
422,57,GlassGrant209,Tamana,Maple,1870
423,59,PaperGrant5,Anvik Village,Shade ,9261
424,34,ChairGrant29,Caura,Palm ,590
426,92,MarkerGrant150,Caura,Palm ,619
427,55,MarkerGrant150,Schatulga,Banyan ,16724
428,11,ChairGrant29,Acoma Pueblo,Avocado ,3681
429,36,ChairGrant29,Tamana,Aspen,10948
430,92,PlantGrant56,Caura,Eucalypts,2891
431,33,PaperGrant5,Birch Creek,Smartweed,1650
432,44,BasketGrant283,Upatoi,American Sycamore,2438
433,10,PaperGrant5,Weracoba,Jack Fruit ,1785
435,47,GlassGrant209,Kalispell,Cedar ,9800
436,61,CoffeeGrant99,Blackfeet,Avocado ,17160
438,41,CoffeeGrant99,Birch Creek,Hemlock,5460
439,90,GlassGrant209,Couva,Blue Spruce,16254
440,21,PaperGrant5,Caura,Eucalypts,4336
441,93,AngelGrant24,Kaw,Reindeer Moss,8600
442,44,GlassGrant209,Upatoi,Larch,8290
443,28,BlanketGrant22,Anvik Village,Jack Fruit ,1053
444,16,BlanketGrant22,Arima,Apple ,7537
445,10,CoffeeGrant99,Weracoba,Jack Fruit ,1785
446,49,PlantGrant56,Chaguanas,Blue Spruce,2825
447,90,PlantGrant56,Couva,Mahogany,1674
448,68,ChairGrant29,Beaver Village,Jack Fruit ,2278
449,11,BananaGrant4,Acoma Pueblo,Avocado ,6442
450,98,PlantGrant56,Mucurapo,Weeping Willow,325
451,87,PlantGrant56,Upatoi,Golden Leather Fern,27090
452,72,TractorGrant192,Dahlonega,Eucalypts,26170
453,75,MarkerGrant150,Kasigluk,Cedar,4905
454,85,PaperGrant5,Caroni,Mulberry ,1865
455,76,CardboardGrant23,Paria,Hemlock,4410
456,96,PlantGrant56,Nankipooh,Jack Fruit ,540
457,90,PuzzleGrant2,Couva,Mahogany,1350
458,30,BasketGrant283,Arouca,Alder,2136
459,46,PuzzleGrant2,Birch Creek,Hemlock,5250
460,4,MarkerGrant150,Karuk,Spruce ,1296
461,40,BasketGrant283,Kasigluk,Cedar,6540
462,59,PlantGrant56,Anvik Village,Jack Fruit ,810
463,26,PaperGrant5,Karuk,Spruce ,3996
464,16,BlanketGrant22,Arima,Acacia,2177
465,51,CoffeeGrant99,Kasigluk,Aloysia,20075
466,8,CardboardGrant23,Nankipooh,Red Pine,660
467,4,BlueGrant12,Karuk,Spruce ,2484
468,44,MarkerGrant150,Upatoi,Golden Leather Fern,23310
469,67,CardboardGrant23,Tamana,Aspen,7140
470,69,MarkerGrant150,Burns Paiute,Indian Rose Wood ,8755
471,91,PuzzleGrant2,Brotherton,Eucalypts,3704
472,58,BlueGrant12,Caura,Maple ,1699
473,11,AngelGrant24,Acoma Pueblo,Avocado ,16107
474,59,PaperGrant5,Anvik Village,Shade ,3969
475,35,BasketGrant283,Weracoba,Jack Fruit ,735
476,54,CoffeeGrant99,Carapichaima,California Palm,5382
477,53,GlassGrant209,Anvik Village,Stipa,45360
478,36,TractorGrant192,Tamana,Oak,7862
479,80,BasketGrant283,Kalispell,Ash,3498
480,84,HomeGrant74,Dahlonega,Saguaro,3270
482,54,BasketGrant283,Carapichaima,California Palm,3510
483,35,MarkerGrant150,Weracoba,Aspen,10290
484,12,GlassGrant209,Birch Creek,Smartweed,975
485,29,BlanketGrant22,Kasigluk,Cedar,3971
486,41,PuzzleGrant2,Birch Creek,Hemlock,7770
487,16,ChairGrant29,Arima,Neem ,9761
488,89,CardboardGrant23,Brotherton,Fir,5108
490,45,PaperGrant5,Tamana,Aspen,2618
491,66,AngelGrant24,Cataula,Magnolia,16407
492,79,CoffeeGrant99,Arouca,Buckeye,2441
493,17,HomeGrant74,Kalispell,Cedar ,5488
495,13,CoffeeGrant99,Cataula,Magnolia,9695
496,37,PuzzleGrant2,Tunapuna,Saguaro,4136
497,64,HomeGrant74,Schatulga,Banyan ,4067
498,66,HomeGrant74,Cataula,Magnolia,13797
499,97,BlanketGrant22,Arima,Spruce ,3376
500,63,HomeGrant74,Mayaro,Magnolia,4247
501,69,BlanketGrant22,Burns Paiute,Indian Rose Wood ,5990
502,75,PlantGrant56,Kasigluk,Cedar,11212
503,14,BasketGrant283,Brotherton,Eucalypts,16405
504,99,BasketGrant283,Weracoba,Oak,5250
506,44,BlueGrant12,Upatoi,Mountain maple,485
507,94,CardboardGrant23,Arouca,Water Tupelo,18704
508,38,TractorGrant192,Caura,Eucalypts,6360
509,76,PuzzleGrant2,Paria,Hemlock,8232
510,28,TractorGrant192,Anvik Village,Eucalypts,13230
511,41,BlanketGrant22,Birch Creek,Smartweed,2625
512,91,ChairGrant29,Brotherton,Fir,1188
513,84,PlantGrant56,Dahlonega,Jack Fruit ,872
514,85,ChairGrant29,Caroni,Mulberry ,318
515,23,PlantGrant56,Acoma Pueblo,Avocado ,9204
516,80,MarkerGrant150,Kalispell,Indian Rose Wood ,10231
517,91,ChairGrant29,Brotherton,Eucalypts,24872
518,24,HomeGrant74,Beaver Village,Palm ,790
519,23,GlassGrant209,Acoma Pueblo,Avocado ,21169
520,72,CardboardGrant23,Dahlonega,Mahogany,2343
521,40,BlueGrant12,Kasigluk,Aloysia,18870
522,80,BlanketGrant22,Kalispell,Indian Rose Wood ,8114
523,37,TractorGrant192,Tunapuna,Saguaro,2464
525,97,BlanketGrant22,Arima,Spruce ,1447
526,97,BasketGrant283,Arima,Apple ,3015
527,96,PuzzleGrant2,Nankipooh,Red Pine,2640
528,8,BasketGrant283,Nankipooh,Jack Fruit ,300
529,30,BlanketGrant22,Arouca,Buckeye,2877
530,54,PlantGrant56,Carapichaima,California Palm,3159
531,61,GlassGrant209,Blackfeet,Avocado ,9266
532,65,PuzzleGrant2,Bois Forte Band,Aloysia,15400
533,70,CoffeeGrant99,Dahlonega,Mahogany,1744
534,8,BlueGrant12,Nankipooh,Red Pine,5280
535,55,BasketGrant283,Schatulga,Live Oak,22780
536,91,BlanketGrant22,Brotherton,Eucalypts,14817
538,31,BananaGrant4,Kalispell,Indian Rose Wood ,5644
539,82,PlantGrant56,Burns Paiute,Indian Rose Wood ,1612
540,29,PuzzleGrant2,Kasigluk,Aloysia,5219
541,72,AngelGrant24,Dahlonega,Mahogany,327
544,27,PlantGrant56,Mayaro,Magnolia,3593
545,14,BasketGrant283,Brotherton,Hemlock,9450
546,86,PaperGrant5,Nankipooh,Jack Fruit ,270
547,14,BananaGrant4,Brotherton,Hemlock,1890
548,50,CoffeeGrant99,Bois Forte Band,Cedar,6451
549,52,BananaGrant4,Burns Paiute,Indian Rose Wood ,5299
553,4,TractorGrant192,Karuk,Spruce ,3348
554,61,CardboardGrant23,Blackfeet,Avocado ,16473
555,14,MarkerGrant150,Brotherton,Eucalypts,3704
556,75,TractorGrant192,Kasigluk,Cedar,5372
557,58,PlantGrant56,Caura,Eucalypts,9829
558,46,CoffeeGrant99,Birch Creek,Smartweed,3000
560,81,ChairGrant29,Tamana,Maple,7310
561,4,PuzzleGrant2,Karuk,Spruce ,2160
562,80,PaperGrant5,Kalispell,Ash,6330
563,93,TractorGrant192,Kaw,Neem ,14955
564,68,TractorGrant192,Beaver Village,Jack Fruit ,1720
565,41,HomeGrant74,Birch Creek,Hemlock,1680
566,84,HomeGrant74,Dahlonega,Saguaro,4360
567,89,BananaGrant4,Brotherton,Maple ,16934
568,20,PaperGrant5,Acoma Pueblo,Mangrove,18408
569,46,GlassGrant209,Birch Creek,Hemlock,8400
571,73,TractorGrant192,Schatulga,Banyan ,14915
572,86,BananaGrant4,Nankipooh,Smartweed,1575
573,76,BasketGrant283,Paria,Hemlock,11172
574,40,TractorGrant192,Kasigluk,Aloysia,17666
575,58,BlanketGrant22,Caura,Maple ,8684
576,21,BananaGrant4,Caura,Eucalypts,14165
577,4,TractorGrant192,Karuk,Spruce ,3132
578,36,HomeGrant74,Tamana,Maple,7140
579,26,MarkerGrant150,Karuk,Spruce ,5184
580,70,BlueGrant12,Dahlonega,Jack Fruit ,926
581,77,BlueGrant12,Mayaro,Fir,4464
582,93,GlassGrant209,Kaw,Fig ,3164
583,35,PlantGrant56,Weracoba,Catalpa,9030
584,89,CoffeeGrant99,Brotherton,Hemlock,4158
585,31,HomeGrant74,Kalispell,Cedar ,8232
586,73,PuzzleGrant2,Schatulga,Live Oak,16136
587,65,ChairGrant29,Bois Forte Band,Cedar,10393
588,11,PlantGrant56,Acoma Pueblo,Mangrove,7080
589,66,BlueGrant12,Cataula,Magnolia,5966
590,75,BasketGrant283,Kasigluk,Aloysia,6022
591,84,PuzzleGrant2,Dahlonega,Saguaro,1417
592,96,CardboardGrant23,Nankipooh,Smartweed,375
593,99,MarkerGrant150,Weracoba,Jack Fruit ,1575
595,85,PaperGrant5,Caroni,Mulberry ,1001
596,68,HomeGrant74,Beaver Village,Palm ,1209
597,77,PuzzleGrant2,Mayaro,Magnolia,11761
598,74,BasketGrant283,Karuk,Spruce ,4536
599,93,BlueGrant12,Kaw,Fig ,2769
600,38,AngelGrant24,Caura,Eucalypts,5203
601,9,BlueGrant12,Karuk,Spruce ,2268
602,86,AngelGrant24,Nankipooh,Red Pine,2112
603,84,ChairGrant29,Dahlonega,Eucalypts,7477
604,46,BlueGrant12,Birch Creek,Smartweed,1875
605,55,CardboardGrant23,Schatulga,Banyan ,16724
606,90,GlassGrant209,Couva,arrowhead,64800
607,37,PuzzleGrant2,Tunapuna,Saguaro,704
608,78,BananaGrant4,Tamana,Maple,6290
610,98,BlanketGrant22,Mucurapo,Weeping Willow,1040
611,37,PlantGrant56,Tunapuna,Cypress ,8192
612,74,MarkerGrant150,Karuk,Spruce ,2376
613,75,CoffeeGrant99,Kasigluk,Cedar,2569
615,13,CardboardGrant23,Cataula,Magnolia,14170
616,28,MarkerGrant150,Anvik Village,Jack Fruit ,918
617,47,MarkerGrant150,Kalispell,Cedar ,14112
618,9,CoffeeGrant99,Karuk,Spruce ,2916
619,62,BananaGrant4,Caroni,Mulberry ,2093
620,54,BasketGrant283,Carapichaima,California Palm,4680
621,47,MarkerGrant150,Kalispell,Indian Rose Wood ,6703
622,75,BananaGrant4,Kasigluk,Cedar,5606
623,72,PuzzleGrant2,Dahlonega,Eucalypts,21364
624,95,PaperGrant5,Mucurapo,Weeping Willow,2795
625,40,CoffeeGrant99,Kasigluk,Aloysia,7628
626,40,CoffeeGrant99,Kasigluk,Cedar,8643
627,58,HomeGrant74,Caura,Maple ,3398
629,48,CoffeeGrant99,Beaver Village,Jack Fruit ,2185
630,65,BasketGrant283,Bois Forte Band,Aloysia,6776
631,42,PlantGrant56,Carapichaima,California Palm,3510
632,70,HomeGrant74,Dahlonega,Eucalypts,12284
633,92,PlantGrant56,Caura,Eucalypts,7227
634,25,BlueGrant12,Acoma Pueblo,Mangrove,13688
635,85,BananaGrant4,Caroni,Mulberry ,2184
636,96,MarkerGrant150,Nankipooh,Red Pine,1716
637,15,PlantGrant56,Arouca,Alder,2594
638,82,TractorGrant192,Burns Paiute,Indian Rose Wood ,5529
639,77,MarkerGrant150,Mayaro,Spruce ,4514
640,40,TractorGrant192,Kasigluk,Cedar,10979
641,60,CardboardGrant23,Kaw,Reindeer Moss,22360
642,8,PaperGrant5,Nankipooh,Smartweed,1950
643,72,CardboardGrant23,Dahlonega,Saguaro,2071
646,30,GlassGrant209,Arouca,Maple,8720
647,27,PuzzleGrant2,Mayaro,Spruce ,3801
648,36,PuzzleGrant2,Tamana,Maple,2210
650,82,AngelGrant24,Burns Paiute,Indian Rose Wood ,4377
651,28,GlassGrant209,Anvik Village,Stipa,27000
652,13,BananaGrant4,Cataula,Magnolia,15661
654,74,PuzzleGrant2,Karuk,Spruce ,3780
655,85,BasketGrant283,Caroni,Mulberry ,864
657,35,TractorGrant192,Weracoba,Jack Fruit ,262
658,75,CoffeeGrant99,Kasigluk,Cedar,1635
659,28,BlueGrant12,Anvik Village,Eucalypts,13230
660,86,PuzzleGrant2,Nankipooh,Jack Fruit ,240
663,37,PaperGrant5,Tunapuna,Saguaro,1936
664,90,BananaGrant4,Couva,Coyote Brush,4860
665,40,ChairGrant29,Kasigluk,Cedar,10278
666,26,MarkerGrant150,Karuk,Spruce ,1512
667,42,BananaGrant4,Carapichaima,California Palm,4329
668,88,HomeGrant74,Kaw,Apple ,1935
669,76,BlanketGrant22,Paria,Hemlock,12348
671,95,MarkerGrant150,Mucurapo,Weeping Willow,585
672,42,BananaGrant4,Carapichaima,California Palm,2457
673,13,ChairGrant29,Cataula,Magnolia,17153
674,80,BasketGrant283,Kalispell,Cedar ,14896
675,16,ChairGrant29,Arima,Neem ,6612
676,96,PlantGrant56,Nankipooh,Jack Fruit ,1200
678,90,BlueGrant12,Couva,arrowhead,32400
679,78,BlueGrant12,Tamana,Maple,4420
681,55,BlueGrant12,Schatulga,Banyan ,2711
682,10,CoffeeGrant99,Weracoba,Jack Fruit ,2362
683,67,AngelGrant24,Tamana,Oak,7225
684,47,BananaGrant4,Kalispell,Indian Rose Wood ,16581
685,37,BananaGrant4,Tunapuna,Cypress ,8025
686,82,CardboardGrant23,Burns Paiute,Indian Rose Wood ,8755
687,46,GlassGrant209,Birch Creek,Smartweed,3525
689,33,ChairGrant29,Birch Creek,Smartweed,900
690,55,PuzzleGrant2,Schatulga,Live Oak,16611
691,74,BlanketGrant22,Karuk,Spruce ,4104
692,71,GlassGrant209,Kasigluk,Cedar,1635
693,97,BlueGrant12,Arima,Neem ,10391
694,55,CoffeeGrant99,Schatulga,Live Oak,13763
695,36,PaperGrant5,Tamana,Aspen,4760
696,78,HomeGrant74,Tamana,Oak,9987
697,21,PlantGrant56,Caura,Maple ,7552
699,64,TractorGrant192,Schatulga,Live Oak,10915
700,84,PuzzleGrant2,Dahlonega,Eucalypts,8545
702,99,BlanketGrant22,Weracoba,Oak,6300
703,49,CardboardGrant23,Chaguanas,Smartweed,547
704,9,BasketGrant283,Karuk,Spruce ,4428
705,82,BlanketGrant22,Burns Paiute,Indian Rose Wood ,4147
707,64,TractorGrant192,Schatulga,Banyan ,10847
708,38,PuzzleGrant2,Caura,Eucalypts,8962
710,23,HomeGrant74,Acoma Pueblo,Mangrove,20296
711,39,AngelGrant24,Burns Paiute,Indian Rose Wood ,9216
712,94,BananaGrant4,Arouca,Buckeye,2354
713,95,BlueGrant12,Mucurapo,Weeping Willow,1365
714,73,TractorGrant192,Schatulga,Live Oak,15187
715,35,BasketGrant283,Weracoba,Catalpa,13545
717,40,PuzzleGrant2,Kasigluk,Cedar,8876
718,79,PlantGrant56,Arouca,Alder,2289
719,8,TractorGrant192,Nankipooh,Red Pine,6336
720,14,AngelGrant24,Brotherton,Hemlock,6804
721,44,BlanketGrant22,Upatoi,Golden Leather Fern,29610
722,45,AngelGrant24,Tamana,Aspen,5236
724,94,PlantGrant56,Arouca,Buckeye,3836
725,93,ChairGrant29,Kaw,Neem ,6871
726,13,BananaGrant4,Cataula,Magnolia,10068
727,50,PlantGrant56,Bois Forte Band,Aloysia,19096
728,80,BlueGrant12,Kalispell,Indian Rose Wood ,15523
729,90,TractorGrant192,Couva,Black Maple,6350
730,21,CoffeeGrant99,Caura,Eucalypts,11274
731,93,BlanketGrant22,Kaw,Neem ,8488
732,54,BasketGrant283,Carapichaima,California Palm,1170
733,85,ChairGrant29,Caroni,Mulberry ,1774
734,16,AngelGrant24,Arima,Spruce ,1929
735,73,TractorGrant192,Schatulga,Banyan ,13107
736,87,AngelGrant24,Upatoi,American Sycamore,1896
737,73,BananaGrant4,Schatulga,Live Oak,2373
738,41,AngelGrant24,Birch Creek,Smartweed,1350
739,36,MarkerGrant150,Tamana,Aspen,3094
741,38,AngelGrant24,Caura,Palm ,324
742,10,BlueGrant12,Weracoba,Jack Fruit ,577
743,26,MarkerGrant150,Karuk,Spruce ,2700
744,57,HomeGrant74,Tamana,Oak,4037
745,52,MarkerGrant150,Burns Paiute,Indian Rose Wood ,8755
746,54,PuzzleGrant2,Carapichaima,California Palm,3977
747,47,AngelGrant24,Kalispell,Ash,3831
748,47,PlantGrant56,Kalispell,Indian Rose Wood ,3528
749,15,TractorGrant192,Arouca,Buckeye,610
750,49,CardboardGrant23,Chaguanas,Smartweed,2281
751,60,CardboardGrant23,Kaw,Neem ,5254
752,10,CoffeeGrant99,Weracoba,Aspen,10878
753,12,BasketGrant283,Birch Creek,Hemlock,7980
754,20,CardboardGrant23,Acoma Pueblo,Mangrove,8024
755,66,BlanketGrant22,Cataula,Magnolia,2610
757,12,PlantGrant56,Birch Creek,Smartweed,2400
758,39,BlueGrant12,Burns Paiute,Indian Rose Wood ,2534
760,51,PlantGrant56,Kasigluk,Aloysia,3212
761,67,HomeGrant74,Tamana,Aspen,9758
763,49,HomeGrant74,Chaguanas,Hemlock,7409
764,37,GlassGrant209,Tunapuna,Cypress ,4180
766,40,PlantGrant56,Kasigluk,Cedar,3737
767,74,CardboardGrant23,Karuk,Spruce ,3564
768,57,BlueGrant12,Tamana,Maple,2040
769,51,AngelGrant24,Kasigluk,Cedar,8176
770,12,CardboardGrant23,Birch Creek,Smartweed,2100
771,35,AngelGrant24,Weracoba,Catalpa,2709
772,33,BananaGrant4,Birch Creek,Hemlock,7140
773,28,TractorGrant192,Anvik Village,Eucalypts,1323
774,23,PuzzleGrant2,Acoma Pueblo,Avocado ,7363
775,48,BlueGrant12,Beaver Village,Jack Fruit ,1906
776,81,BasketGrant283,Tamana,Oak,8500
777,87,BasketGrant283,Upatoi,Golden Leather Fern,23310
778,75,PuzzleGrant2,Kasigluk,Aloysia,4818
779,75,CoffeeGrant99,Kasigluk,Aloysia,11242
780,12,CardboardGrant23,Birch Creek,Smartweed,1125
781,50,BlanketGrant22,Bois Forte Band,Aloysia,5544
782,26,BlueGrant12,Karuk,Spruce ,1296
783,71,HomeGrant74,Kasigluk,Cedar,6307
784,9,PlantGrant56,Karuk,Spruce ,540
785,14,PuzzleGrant2,Brotherton,Fir,5702
786,61,PaperGrant5,Blackfeet,Avocado ,6177
787,23,BlanketGrant22,Acoma Pueblo,Mangrove,15576
788,94,GlassGrant209,Arouca,Peepal ,15696
789,44,PaperGrant5,Upatoi,Larch,882
790,20,PaperGrant5,Acoma Pueblo,Mangrove,13688
792,86,PaperGrant5,Nankipooh,Red Pine,3432
793,91,CardboardGrant23,Brotherton,Fir,5940
794,73,AngelGrant24,Schatulga,Live Oak,11390
795,58,PuzzleGrant2,Caura,Maple ,6796
796,52,BlanketGrant22,Burns Paiute,Indian Rose Wood ,5990
797,35,BlanketGrant22,Weracoba,Jack Fruit ,472
798,35,ChairGrant29,Weracoba,Oak,2887
799,86,PuzzleGrant2,Nankipooh,Jack Fruit ,570
800,45,CoffeeGrant99,Tamana,Oak,9987
801,45,BlanketGrant22,Tamana,Aspen,1904
802,91,BlanketGrant22,Brotherton,Noble Fir,10627
803,34,CardboardGrant23,Caura,Palm ,1327
804,88,BlueGrant12,Kaw,Reindeer Moss,33540
805,98,PuzzleGrant2,Mucurapo,Weeping Willow,2405
806,66,HomeGrant74,Cataula,Magnolia,1864
807,58,PaperGrant5,Caura,Palm ,737
808,76,BasketGrant283,Paria,Hemlock,7056
809,61,BasketGrant283,Blackfeet,Avocado ,4118
810,33,GlassGrant209,Birch Creek,Smartweed,2775
811,46,PlantGrant56,Birch Creek,Smartweed,750
812,67,BlueGrant12,Tamana,Oak,1487
813,91,AngelGrant24,Brotherton,Fir,1900
814,29,PuzzleGrant2,Kasigluk,Cedar,9577
815,29,GlassGrant209,Kasigluk,Aloysia,6825
817,73,ChairGrant29,Schatulga,Live Oak,13763
818,55,PuzzleGrant2,Schatulga,Live Oak,3796
819,95,BlanketGrant22,Mucurapo,Weeping Willow,1885
820,8,MarkerGrant150,Nankipooh,Jack Fruit ,900
821,62,TractorGrant192,Caroni,Mulberry ,273
822,33,PlantGrant56,Birch Creek,Smartweed,3000
823,37,BasketGrant283,Tunapuna,Saguaro,880
824,66,ChairGrant29,Cataula,Magnolia,8203
825,88,PlantGrant56,Kaw,Fig ,3164
826,10,BananaGrant4,Weracoba,Jack Fruit ,420
827,93,BlueGrant12,Kaw,Fig ,9890
828,70,TractorGrant192,Dahlonega,Jack Fruit ,2507
829,52,HomeGrant74,Burns Paiute,Indian Rose Wood ,9907
830,70,TractorGrant192,Dahlonega,Jack Fruit ,1907
831,98,BananaGrant4,Mucurapo,Weeping Willow,455
833,70,BlanketGrant22,Dahlonega,Mahogany,654
834,17,MarkerGrant150,Kalispell,Ash,3998
835,45,PaperGrant5,Tamana,Oak,8287
836,59,MarkerGrant150,Anvik Village,Eucalypts,3175
837,60,PuzzleGrant2,Kaw,Neem ,8488
838,91,HomeGrant74,Brotherton,Maple ,6566
839,74,PuzzleGrant2,Karuk,Spruce ,1728
840,97,ChairGrant29,Arima,Spruce ,2653
841,42,PaperGrant5,Carapichaima,California Palm,4797
842,52,ChairGrant29,Burns Paiute,Indian Rose Wood ,2073
843,66,TractorGrant192,Cataula,Magnolia,14915
844,11,GlassGrant209,Acoma Pueblo,Avocado ,16567
845,15,BlueGrant12,Arouca,Alder,1678
846,40,CoffeeGrant99,Kasigluk,Aloysia,2810
847,63,BananaGrant4,Mayaro,Magnolia,2940
848,21,BasketGrant283,Caura,Palm ,737
849,35,CardboardGrant23,Weracoba,Aspen,6762
850,9,MarkerGrant150,Karuk,Spruce ,3348
851,52,ChairGrant29,Burns Paiute,Indian Rose Wood ,3456
852,21,BlueGrant12,Caura,Palm ,1268
853,52,GlassGrant209,Burns Paiute,Indian Rose Wood ,10828
854,46,BasketGrant283,Birch Creek,Hemlock,1890
855,89,BananaGrant4,Brotherton,Noble Fir,5443
856,15,HomeGrant74,Arouca,Buckeye,3575
857,55,BlueGrant12,Schatulga,Banyan ,9040
858,25,BasketGrant283,Acoma Pueblo,Avocado ,15186
859,94,HomeGrant74,Arouca,Alder,6104
860,45,TractorGrant192,Tamana,Aspen,11424
861,67,PaperGrant5,Tamana,Oak,4250
862,92,PaperGrant5,Caura,Palm ,796
863,45,BasketGrant283,Tamana,Maple,3400
864,47,ChairGrant29,Kalispell,Ash,6330
865,28,CoffeeGrant99,Anvik Village,Stipa,12960
866,69,ChairGrant29,Burns Paiute,Indian Rose Wood ,10368
867,16,BananaGrant4,Arima,Acacia,4690
868,65,CardboardGrant23,Bois Forte Band,Aloysia,28336
869,91,PlantGrant56,Brotherton,Hemlock,9828
872,95,BlanketGrant22,Mucurapo,Weeping Willow,1300
873,35,HomeGrant74,Weracoba,Aspen,8526
875,33,PaperGrant5,Birch Creek,Smartweed,3450
876,61,AngelGrant24,Blackfeet,Avocado ,10296
878,23,BananaGrant4,Acoma Pueblo,Avocado ,6903
879,10,PuzzleGrant2,Weracoba,Aspen,4704
880,89,BlueGrant12,Brotherton,Noble Fir,5961
881,61,MarkerGrant150,Blackfeet,Avocado ,8236
882,54,BananaGrant4,Carapichaima,California Palm,585
883,74,TractorGrant192,Karuk,Spruce ,1188
884,62,CardboardGrant23,Caroni,Mulberry ,1274
885,66,PlantGrant56,Cataula,Magnolia,13797
886,77,AngelGrant24,Mayaro,Magnolia,16008
887,53,GlassGrant209,Anvik Village,Shade ,5556
888,82,HomeGrant74,Burns Paiute,Indian Rose Wood ,9216
889,22,PlantGrant56,Acoma Pueblo,Mangrove,19824
890,70,PaperGrant5,Dahlonega,Eucalypts,10682
891,66,PlantGrant56,Cataula,Magnolia,15288
892,86,PlantGrant56,Nankipooh,Smartweed,3300
893,51,BasketGrant283,Kasigluk,Aloysia,8431
894,89,CoffeeGrant99,Brotherton,Noble Fir,8035
895,90,PuzzleGrant2,Couva,Blue Spruce,12074
896,44,CoffeeGrant99,Upatoi,American Sycamore,7856
897,50,ChairGrant29,Bois Forte Band,Aloysia,16632
898,37,AngelGrant24,Tunapuna,Cypress ,5852
899,25,PuzzleGrant2,Acoma Pueblo,Avocado ,14266
900,82,CoffeeGrant99,Burns Paiute,Indian Rose Wood ,10598
901,55,BananaGrant4,Schatulga,Live Oak,3322
902,39,BlanketGrant22,Burns Paiute,Indian Rose Wood ,1382
903,38,BasketGrant283,Caura,Eucalypts,2023
904,12,PlantGrant56,Birch Creek,Hemlock,5460
905,28,BlanketGrant22,Anvik Village,Eucalypts,2381
906,12,CoffeeGrant99,Birch Creek,Smartweed,675
907,34,CardboardGrant23,Caura,Maple ,1321
908,51,ChairGrant29,Kasigluk,Aloysia,7628
909,90,PuzzleGrant2,Couva,Mahogany,1134
910,69,TractorGrant192,Burns Paiute,Indian Rose Wood ,4377
913,10,BananaGrant4,Weracoba,Oak,8662
914,83,CardboardGrant23,Cataula,Magnolia,4847
917,53,TractorGrant192,Anvik Village,Eucalypts,6085
918,11,MarkerGrant150,Acoma Pueblo,Mangrove,10856
920,42,BananaGrant4,Carapichaima,California Palm,5148
921,96,BlueGrant12,Nankipooh,Red Pine,1452
922,71,BlanketGrant22,Kasigluk,Cedar,8876
923,37,BasketGrant283,Tunapuna,Saguaro,2288
924,77,MarkerGrant150,Mayaro,Magnolia,9147
925,10,MarkerGrant150,Weracoba,Aspen,5292
926,11,TractorGrant192,Acoma Pueblo,Mangrove,16048
927,95,BlueGrant12,Mucurapo,Weeping Willow,2535
928,58,CoffeeGrant99,Caura,Maple ,4720
929,83,ChairGrant29,Cataula,Magnolia,11932
930,20,ChairGrant29,Acoma Pueblo,Mangrove,3776
931,63,BlanketGrant22,Mayaro,Fir,1197
932,89,BananaGrant4,Brotherton,Fir,3326
933,54,ChairGrant29,Carapichaima,California Palm,3510
934,93,CoffeeGrant99,Kaw,Fig ,5538
935,65,PuzzleGrant2,Bois Forte Band,Cedar,16128
936,95,ChairGrant29,Mucurapo,Weeping Willow,1365
937,38,BananaGrant4,Caura,Maple ,8873
938,97,AngelGrant24,Arima,Spruce ,2251
939,83,TractorGrant192,Cataula,Magnolia,9322
940,41,TractorGrant192,Birch Creek,Smartweed,1950
941,17,TractorGrant192,Kalispell,Ash,8163
942,53,CoffeeGrant99,Anvik Village,Jack Fruit ,837
943,72,GlassGrant209,Dahlonega,Eucalypts,13352
944,21,MarkerGrant150,Caura,Palm ,324
945,60,TractorGrant192,Kaw,Reindeer Moss,8600
946,49,ChairGrant29,Chaguanas,Smartweed,4015
947,88,PlantGrant56,Kaw,Reindeer Moss,23220
948,49,PlantGrant56,Chaguanas,Blue Spruce,11928
949,20,BasketGrant283,Acoma Pueblo,Mangrove,16048
950,34,PuzzleGrant2,Caura,Palm ,1268
952,59,BlanketGrant22,Anvik Village,Shade ,4762
953,33,PlantGrant56,Birch Creek,Hemlock,1260
954,62,PuzzleGrant2,Caroni,Mulberry ,682
955,23,BasketGrant283,Acoma Pueblo,Mangrove,5192
956,96,TractorGrant192,Nankipooh,Jack Fruit ,480
957,78,PuzzleGrant2,Tamana,Oak,1275
958,77,MarkerGrant150,Mayaro,Magnolia,15681
959,16,BlueGrant12,Arima,Spruce ,2170
961,74,MarkerGrant150,Karuk,Spruce ,5400
962,14,CardboardGrant23,Brotherton,Eucalypts,12700
963,74,BasketGrant283,Karuk,Spruce ,1728
964,77,GlassGrant209,Mayaro,Magnolia,13721
965,83,PuzzleGrant2,Cataula,Magnolia,11186
966,33,GlassGrant209,Birch Creek,Hemlock,4830
967,31,CardboardGrant23,Kalispell,Indian Rose Wood ,1764
968,39,BananaGrant4,Burns Paiute,Indian Rose Wood ,7372
969,59,GlassGrant209,Anvik Village,Jack Fruit ,864
970,92,CardboardGrant23,Caura,Palm ,265
971,98,AngelGrant24,Mucurapo,Weeping Willow,2080
972,60,BasketGrant283,Kaw,Reindeer Moss,38700
973,34,GlassGrant209,Caura,Eucalypts,13009
974,15,PlantGrant56,Arouca,Alder,6867
975,99,BlueGrant12,Weracoba,Aspen,7056
976,67,MarkerGrant150,Tamana,Oak,1700
977,27,HomeGrant74,Mayaro,Spruce ,2138
978,26,BananaGrant4,Karuk,Spruce ,1836
980,77,BasketGrant283,Mayaro,Fir,871
981,68,ChairGrant29,Beaver Village,Palm ,604
982,10,GlassGrant209,Weracoba,Catalpa,5418
983,59,TractorGrant192,Anvik Village,Eucalypts,4762
984,28,BlueGrant12,Anvik Village,Jack Fruit ,216
985,49,GlassGrant209,Chaguanas,Hemlock,2810
986,26,PlantGrant56,Karuk,Spruce ,1188
987,54,CoffeeGrant99,Carapichaima,California Palm,1170
988,38,PaperGrant5,Caura,Palm ,885
989,97,PlantGrant56,Arima,Spruce ,3376
990,51,CardboardGrant23,Kasigluk,Cedar,9811
991,95,GlassGrant209,Mucurapo,Weeping Willow,2080
992,85,AngelGrant24,Caroni,Mulberry ,1046
993,31,BlueGrant12,Kalispell,Cedar ,1960
994,62,ChairGrant29,Caroni,Mulberry ,1956
995,30,BananaGrant4,Arouca,Buckeye,436
996,46,CardboardGrant23,Birch Creek,Hemlock,10290
997,54,PuzzleGrant2,Carapichaima,California Palm,5148
999,85,CoffeeGrant99,Caroni,Mulberry ,1956
